FullName,Phone,Gender,DateOfBirth
Phạm Văn Dũng,979538220,True,1986-03-09
Phạm Xuân Tuấn,983187556,True,1993-12-09
Hoàng Anh Hiếu,928542626,True,1989-02-16
Hoàng Đức Tuấn,987950527,False,1993-02-07
Bùi Văn Lan,952210031,True,1989-09-11
Đặng Thanh Lan,942409886,False,1991-07-10
Bùi Minh Nam,962496677,True,1993-01-17
Ngô Đức Tuấn,975442049,False,1981-03-12
Lê Anh Tuấn,993768739,False,1994-10-03
Ngô Minh Bình,956385772,False,1994-03-30
Đỗ Đức Yến,936567848,False,1982-03-23
Đặng Minh Hùng,999538329,False,1994-09-26
Đặng Xuân Phát,944479515,True,1989-08-07
Trần Xuân Yến,993752647,False,1989-03-26
Đỗ Anh Dũng,962243005,False,1985-06-11
Lê Thị Hùng,993741213,True,1989-11-15
Lê Ngọc Hương,935238006,False,1992-11-14
Trần Hồng Hiếu,976093341,False,1983-04-11
Lê Thanh Hương,960348942,False,1980-02-19
Vũ Thanh Phát,974408681,True,1984-05-27
Hồ Ngọc Bình,955205863,True,1982-08-20
Lê Văn Trang,949845413,True,1982-01-27
Trần Thị Nam,985044667,False,1995-03-24
Trần Ngọc Dũng,950772505,False,1981-12-13
Hoàng Thanh Lan,999158409,True,1990-12-23
Trần Xuân Yến,926557155,False,1985-04-18
Hồ Xuân Nam,931557801,False,1994-08-29
Hồ Thị Nam,924961676,True,1987-11-05
Hoàng Hồng Hạnh,994057218,True,1982-06-14
Bùi Minh Phát,947102896,False,1981-03-02
Trần Xuân Hạnh,937174399,False,1983-10-17
Vũ Anh Trang,978621790,True,1982-04-13
Ngô Ngọc Hạnh,918138217,True,1986-11-16
Trần Hồng Lan,928136566,True,1987-12-09
Lê Minh Hùng,911480320,False,1982-01-29
Bùi Quốc Yến,957969248,True,1989-02-12
Hồ Hồng Yến,958796180,False,1988-02-07
